<?xml version="1.0" encoding="UTF-8"?><rss version="2.0"
	xmlns:content="http://purl.org/rss/1.0/modules/content/"
	xmlns:dc="http://purl.org/dc/elements/1.1/"
	xmlns:atom="http://www.w3.org/2005/Atom"
	xmlns:sy="http://purl.org/rss/1.0/modules/syndication/"
	
	>
<channel>
	<title>
	Komentar di: Halo dunia!	</title>
	<atom:link href="https://noveindrasalim.github.io/wordpress.noveindrasalim.io/2023/10/02/halo-dunia/feed/" rel="self" type="application/rss+xml" />
	<link>https://noveindrasalim.github.io/wordpress.noveindrasalim.io/2023/10/02/halo-dunia/</link>
	<description></description>
	<lastBuildDate>Mon, 02 Oct 2023 12:10:51 +0000</lastBuildDate>
	<sy:updatePeriod>
	hourly	</sy:updatePeriod>
	<sy:updateFrequency>
	1	</sy:updateFrequency>
	<generator>https://wordpress.org/?v=6.3.1</generator>
	<item>
		<title>
		Oleh: Seorang Komentator WordPress		</title>
		<link>https://noveindrasalim.github.io/wordpress.noveindrasalim.io/2023/10/02/halo-dunia/#comment-1</link>

		<dc:creator><![CDATA[Seorang Komentator WordPress]]></dc:creator>
		<pubDate>Mon, 02 Oct 2023 12:10:51 +0000</pubDate>
		<guid isPermaLink="false">https://noveindrasalim.github.io/wordpress.noveindrasalim.io/?p=1#comment-1</guid>

					<description><![CDATA[Hai, ini merupakan sebuah komentar.
Untuk mulai memoderasi, mengedit, dan menghapus komentar, silakan kunjungi layar Komentar di dasbor.
Avatar komentator diambil dari &lt;a href=&quot;https://en.gravatar.com/&quot;&gt;Gravatar&lt;/a&gt;.]]></description>
			<content:encoded><![CDATA[<p>Hai, ini merupakan sebuah komentar.<br />
Untuk mulai memoderasi, mengedit, dan menghapus komentar, silakan kunjungi layar Komentar di dasbor.<br />
Avatar komentator diambil dari <a href="https://en.gravatar.com/">Gravatar</a>.</p>
]]></content:encoded>
		
			</item>
	</channel>
</rss>
