<?xml version="1.0" encoding="UTF-8"?><rss version="2.0"
	xmlns:content="http://purl.org/rss/1.0/modules/content/"
	xmlns:wfw="http://wellformedweb.org/CommentAPI/"
	xmlns:dc="http://purl.org/dc/elements/1.1/"
	xmlns:atom="http://www.w3.org/2005/Atom"
	xmlns:sy="http://purl.org/rss/1.0/modules/syndication/"
	xmlns:slash="http://purl.org/rss/1.0/modules/slash/"
	>

<channel>
	<title>Tak Berkategori &#8211; Noveindra Salim</title>
	<atom:link href="https://noveindrasalim.github.io/wordpress.noveindrasalim.io/category/tak-berkategori/feed/" rel="self" type="application/rss+xml" />
	<link>https://noveindrasalim.github.io/wordpress.noveindrasalim.io</link>
	<description></description>
	<lastBuildDate>Mon, 02 Oct 2023 12:10:51 +0000</lastBuildDate>
	<language>id</language>
	<sy:updatePeriod>
	hourly	</sy:updatePeriod>
	<sy:updateFrequency>
	1	</sy:updateFrequency>
	<generator>https://wordpress.org/?v=6.3.1</generator>
	<item>
		<title>Halo dunia!</title>
		<link>https://noveindrasalim.github.io/wordpress.noveindrasalim.io/2023/10/02/halo-dunia/</link>
					<comments>https://noveindrasalim.github.io/wordpress.noveindrasalim.io/2023/10/02/halo-dunia/#comments</comments>
		
		<dc:creator><![CDATA[noveindra]]></dc:creator>
		<pubDate>Mon, 02 Oct 2023 12:10:51 +0000</pubDate>
				<category><![CDATA[Tak Berkategori]]></category>
		<guid isPermaLink="false">https://noveindrasalim.github.io/wordpress.noveindrasalim.io/?p=1</guid>

					<description><![CDATA[Selamt datang di WordPress. Ini adalah pos pertama Anda. Sunting atau hapus, kemudian mulai menulis!]]></description>
										<content:encoded><![CDATA[
<p>Selamt datang di WordPress. Ini adalah pos pertama Anda. Sunting atau hapus, kemudian mulai menulis!</p>
]]></content:encoded>
					
					<wfw:commentRss>https://noveindrasalim.github.io/wordpress.noveindrasalim.io/2023/10/02/halo-dunia/feed/</wfw:commentRss>
			<slash:comments>1</slash:comments>
		
		
			</item>
	</channel>
</rss>
