<?xml version="1.0" encoding="UTF-8"?><rss version="2.0"
	xmlns:content="http://purl.org/rss/1.0/modules/content/"
	xmlns:dc="http://purl.org/dc/elements/1.1/"
	xmlns:atom="http://www.w3.org/2005/Atom"
	xmlns:sy="http://purl.org/rss/1.0/modules/syndication/"
	
	>
<channel>
	<title>
	Komentar di: Laman Contoh	</title>
	<atom:link href="https://noveindrasalim.github.io/wordpress.noveindrasalim.io/laman-contoh/feed/" rel="self" type="application/rss+xml" />
	<link>https://noveindrasalim.github.io/wordpress.noveindrasalim.io</link>
	<description></description>
	<lastBuildDate>Mon, 02 Oct 2023 12:10:51 +0000</lastBuildDate>
	<sy:updatePeriod>
	hourly	</sy:updatePeriod>
	<sy:updateFrequency>
	1	</sy:updateFrequency>
	<generator>https://wordpress.org/?v=6.3.1</generator>
</channel>
</rss>
